Systolic,Diastolic,Weight,Height,Age,BloodPressure,BodyMass
190,130,85,1.8,27,HYPERTENSIVE CRISIS (consult your doctor immediately),OverWeight
120,85,60,1.2,18,HIGH BLOOD PRESSURE (HYPERTENSION) STAGE 1,OverWeight
90,75,40,1.3,19,,OverWeight
100,85,75,1.8,22,HIGH BLOOD PRESSURE (HYPERTENSION) STAGE 1,OverWeight
85,100,69,1.2,29,HIGH BLOOD PRESSURE (HYPERTENSION) STAGE 2,OverWeight
190,130,120,1.6,35,HYPERTENSIVE CRISIS (consult your doctor immediately),OverWeight
200,120,90,1.4,32,HIGH BLOOD PRESSURE (HYPERTENSION) STAGE 2,OverWeight
130,90,100,2,50,HIGH BLOOD PRESSURE (HYPERTENSION) STAGE 1,OverWeight
85,90,45,1.2,22,HIGH BLOOD PRESSURE (HYPERTENSION) STAGE 2,OverWeight
90,100,50,1.1,20,HIGH BLOOD PRESSURE (HYPERTENSION) STAGE 2,OverWeight
100,130,90,1.5,60,HYPERTENSIVE CRISIS (consult your doctor immediately),OverWeight
130,95,100,1.4,55,HIGH BLOOD PRESSURE (HYPERTENSION) STAGE 1,OverWeight
140,100,195,1.4,57,HIGH BLOOD PRESSURE (HYPERTENSION) STAGE 2,OverWeight
200,180,200,1.3,60,HYPERTENSIVE CRISIS (consult your doctor immediately),OverWeight
